"gene1","gene2","gene3","gene4","gene5","gene6","gene7","gene8","gene9","gene10","gene11","gene12","gene13"
-0.601126938,-0.270939348,-1.170293392,-0.911457784,-1.811729344,0.32386661,-1.451556612,-0.204344931,0.091939412,-0.607539443,0.602120933,1.502361193,-0.919493494
